Date,Open,High,Low,Close,Volume
2/4/2016,580.025024,597.474976,580.025024,514.494934,5549346
2/5/2016,587.75,593.325012,585.924988,512.292542,3984224
2/8/2016,581.875,586.099976,571.900024,501.86972,4221044
2/9/2016,564.150024,564.150024,546.75,483.051758,7579572
2/10/2016,554,563.75,552.5,483.444244,5866054
2/11/2016,555.5,556.5,535.575012,470.404694,5214378
2/12/2016,547.349976,552.200012,533.5,473.021301,7408096
2/15/2016,548.125,550.099976,543.299988,476.117676,5093478
2/16/2016,543.5,546.375,536.849976,470.622711,5125448
2/17/2016,540.875,551.5,538.5,478.777893,4164598
2/18/2016,550,563.5,550,489.92038,4189072
2/19/2016,559.599976,567.099976,556.924988,491.599365,3974018
2/22/2016,565.5,566.974976,557.025024,491.337738,3857010
2/23/2016,565.125,566.25,558.025024,490.138367,2501960
2/24/2016,559.75,571.875,559.174988,490.770813,4950714
2/25/2016,562.700012,565.299988,550.549988,484.207367,4484528
2/26/2016,560.075012,566,558,488.939148,4235636
2/29/2016,564.75,565.200012,534.150024,472.759644,8166076
3/1/2016,547.400024,565.150024,547.400024,490.814453,6386154
3/2/2016,568.525024,581.75,562.5,504.13736,7214898
3/3/2016,584,596.424988,577,509.937592,5814304
3/4/2016,587.799988,592.5,579.549988,510.526337,4281680
3/8/2016,581.5,595.25,573.700012,507.386292,7617746
3/9/2016,572.5,591.875,571.474976,513.949768,6305782
3/10/2016,581.450012,581.450012,569.674988,498.249908,24381016
3/11/2016,573.099976,577.974976,569.099976,498.467987,4058548
3/14/2016,573,577.125,569.25,497.683044,4174262
3/15/2016,572,577.25,564.474976,494.717499,6720258
3/16/2016,570.950012,577.5,565.775024,502.589172,5588850
3/17/2016,578.450012,584.875,577.025024,506.644958,6474622
3/18/2016,581.400024,599.5,581,520.447815,8477422
3/21/2016,594,599.5,590.025024,521.101929,5138392
3/22/2016,595.625,597,586,518.943176,7097950
3/23/2016,595,605.349976,591.049988,526.727722,6333176
3/28/2016,616.200012,618.5,597.875,525.462891,10787510
3/29/2016,599.5,609.450012,595.775024,522.12677,6995356
3/30/2016,598.799988,605,597.775024,525.920837,5756818
3/31/2016,605.125,614.950012,600.150024,531.306763,17996320
4/1/2016,608,611.099976,597.549988,525.702698,5511428
4/4/2016,606.775024,624,606.775024,542.38385,4577054
4/5/2016,621,621.150024,607,531.960938,4790716
4/6/2016,614,614,598,523.631287,4931354
4/7/2016,604.200012,604.200012,587.5,515.258118,5657890
4/8/2016,587.924988,588.75,581.025024,508.389404,4195578
4/11/2016,582.900024,593.375,575.549988,516.304688,5768678
4/12/2016,590.25,597.450012,589.299988,515.563354,5842138
4/13/2016,597.474976,597.474976,583.174988,511.420349,12511386
4/18/2016,625,633.950012,616.75,540.203308,25015990
4/20/2016,622,623.224976,612.900024,542.34021,8072848
4/21/2016,625.5,625.5,609.049988,534.795593,5441100
4/22/2016,613.150024,614.25,603.5,528.232239,5143938
4/25/2016,606.025024,612.400024,600.549988,530.238281,5364134
4/26/2016,607.724976,619.775024,604.299988,537.346802,5846744
4/27/2016,614.599976,621.174988,614.275024,540.835632,4486208
4/28/2016,615.5,619.799988,603.5,527.316406,12165168
4/29/2016,605.724976,611.775024,602.5,526.858459,5036410
5/2/2016,605,605.575012,598.075012,523.783936,3615250
5/3/2016,601.375,606.099976,585.900024,513.644409,6824810
5/4/2016,590.5,596.5,585.325012,518.463562,5812842
5/5/2016,597.575012,599.5,590.549988,520.033447,6302668
5/6/2016,594.900024,594.900024,588.525024,515.258118,2596720
5/9/2016,591,600.775024,590.299988,522.911804,5123678
5/10/2016,601.25,608.325012,598.299988,528.908203,3395704
5/11/2016,599.25,607.349976,596.25,524.132751,3709888
5/12/2016,601.950012,606.5,598.400024,527.687012,3406932
5/13/2016,603,605,596.075012,526.487793,5652064
5/16/2016,605.099976,611.825012,602.5,529.867615,4533878
5/17/2016,610,612.875,604.075012,529.540527,3796294
5/18/2016,599.5,607,598.950012,527.621704,4256596
5/19/2016,605.474976,608.075012,600.5,525.833679,3954400
5/20/2016,602.5,609.75,600,524.023865,3994548
5/23/2016,601.700012,602.575012,592.5,518.092712,4585946
5/24/2016,595.525024,595.875,588.799988,517.983704,3485060
5/25/2016,597.049988,606.549988,597.049988,527.098328,3857396
5/26/2016,605.049988,619.900024,605.049988,538.219055,6136436
5/27/2016,615.799988,629.75,615.799988,544.041016,6180764
5/30/2016,620.75,636,620.75,552.806763,5285700
5/31/2016,632.5,633.375,619.5,544.542664,13782038
6/1/2016,623.025024,634.25,623,548.707397,4840534
6/2/2016,627.5,637.450012,627,550.168335,5053552
6/3/2016,630.025024,639.650024,630.025024,552.501465,3998380
6/6/2016,632.450012,638.5,630.549988,552.436157,4225768
6/7/2016,633.5,636.25,627.549988,548.358398,5692420
6/8/2016,631.974976,631.974976,617.674988,539.941528,8741370
6/9/2016,613.125,613.125,590.025024,523.022278,12740804
6/10/2016,587.700012,595,585.049988,520.860413,6383956
6/13/2016,588.400024,592.450012,583,520.992859,5286722
6/14/2016,591.200012,591.200012,583.625,518.389832,2940728
6/15/2016,591.849976,596.325012,589.525024,524.985474,6711572
6/16/2016,594.75,594.75,585.049988,523.242859,5302564
6/17/2016,594.5,596.375,587.549988,520.375183,8515082
6/20/2016,590.5,605.900024,589.849976,533.279785,6229566
6/21/2016,605.599976,607.400024,597.825012,532.110779,4761724
6/22/2016,602,605.974976,594.075012,529.198792,3031258
6/23/2016,598.650024,607.424988,596.674988,534.537231,3828626
6/24/2016,594,599.5,580,527.015076,7808348
6/27/2016,586.025024,591.599976,580,514.507507,5583778
6/28/2016,581.400024,586.25,577.549988,511.397217,7655974
6/29/2016,584.5,589.950012,580.099976,519.206238,5459150
6/30/2016,590.25,592.25,583.974976,516.536926,9346224
7/1/2016,590,590,585.049988,517.242737,3991912
7/4/2016,588.099976,597.299988,588.099976,522.33844,5381322
7/5/2016,592.5,593.75,585.525024,518.58844,3596416
7/7/2016,584.349976,585.5,577.5,510.558868,5954876
7/8/2016,581.5,583.5,576.75,510.978088,5551648
7/11/2016,583.700012,589.349976,580,518.411926,6668882
7/12/2016,590,590.174988,584,519.07373,6197368
7/13/2016,590,597.900024,587.599976,526.684143,5275420
7/14/2016,597.5,598.025024,582,518.941345,7413328
7/15/2016,594.75,594.950012,526,473.190643,61484126
7/18/2016,538.625,542.450012,527.575012,477.33786,14332824
7/19/2016,544.299988,545,537.049988,479.543701,10404644
7/20/2016,535,544.950012,535,477.845245,9822896
7/21/2016,539.5,543.599976,537.799988,476.433441,8668002
7/22/2016,535,539.950012,533.349976,473.146545,9386538
7/25/2016,531.5,541.625,531.5,476.852417,8469552
7/26/2016,535.174988,544.950012,535.174988,480.315796,7189610
7/27/2016,542.349976,548.25,539.275024,478.837799,7431820
7/28/2016,542.700012,543.474976,537.025024,475.374542,11258562
7/29/2016,536.299988,538.375,533.25,473.764191,8156784
8/1/2016,535.75,543.924988,534.174988,478.793701,9096662
8/2/2016,539.950012,542.5,537.5,478.153992,6822502
8/3/2016,542.825012,543.25,535.150024,478.639374,7213460
8/4/2016,543.200012,543.450012,535.025024,472.859833,4237278
8/5/2016,536,536.724976,530,471.183289,5609968
8/8/2016,534.5,540.5,531.275024,475.903961,4643064
8/9/2016,538.5,542.25,535.75,477.977539,7192664
8/10/2016,538,543.950012,537.599976,477.514252,5576454
8/11/2016,540.849976,547.5,537.625,475.30835,5038552
8/12/2016,537.525024,539.400024,530,468.778809,7449928
8/16/2016,521,529.025024,514,464.036133,16429408
8/17/2016,524.974976,526.325012,515.25,455.874268,6599316
8/18/2016,518.25,519.549988,510.75,451.506531,8434000
8/19/2016,515,519.5,509.225006,450.580048,5686016
8/22/2016,509,515,504.549988,447.999146,10253518
8/23/2016,510.049988,521,510.049988,458.675842,7406138
8/24/2016,523.5,531.025024,523.5,466.506775,6129966
8/25/2016,527.5,528.799988,516.049988,457.131683,4796562
8/26/2016,518,523,508.524994,450.116791,6881054
8/29/2016,508.799988,515,505.5,451.241852,5220282
8/30/2016,516.224976,522.5,512.5,459.006622,4375438
8/31/2016,518.549988,522.875,513.900024,456.999268,11139814
9/1/2016,519,520.224976,516,457.749298,2877826
9/2/2016,519.525024,520,513.099976,455.234528,3332592
9/6/2016,519.125,524.450012,517.799988,461.036102,8215044
9/7/2016,524,529.5,522,465.161224,7425470
9/8/2016,522.5,522.5,512,457.793396,9092774
9/9/2016,518.5,520.5,513.275024,456.844879,5053438
9/12/2016,512.625,529,512.625,465.006714,6203096
9/14/2016,526.974976,528.900024,520.325012,461.300781,5152418
9/15/2016,522.799988,523.400024,517.674988,459.800751,4701722
9/16/2016,524.5,532.25,519.049988,467.720001,9949384
9/19/2016,523,534.450012,520.674988,468.183258,5809154
9/20/2016,526.650024,528.575012,522.875,463.308197,4214004
9/21/2016,527,530.625,525.525024,465.778839,4231532
9/22/2016,529.5,530.5,526,467.124481,3629514
9/23/2016,528.5,529.400024,520,459.955231,5205294
9/26/2016,521.375,522,515.5,457.021301,6371798
9/27/2016,517.525024,524.950012,516.674988,458.719879,6525660
9/28/2016,520,521.150024,516.625,458.366943,5434708
9/29/2016,522.474976,522.474976,512,454.065399,8902638
9/30/2016,515.549988,521.950012,515.549988,457.087524,6502354
10/3/2016,517.75,520,513.049988,457.991913,3656160
10/4/2016,520,525.700012,519.150024,462.889008,5066586
10/5/2016,524.599976,524.924988,518.5,459.491943,2307574
10/6/2016,522.5,522.5,512.974976,453.27124,3721882
10/7/2016,514.974976,516.900024,505.049988,446.719696,6288558
10/10/2016,508.5,515.875,505,454.39624,5413170
10/13/2016,510.700012,529,510.700012,464.278778,9778690
10/14/2016,526.450012,541.349976,498.125,453.161011,33461690
10/17/2016,517.474976,520.900024,508.674988,451.065369,8014858
10/18/2016,515,520.25,513.650024,458.411072,6388134
10/19/2016,521,522.849976,518,459.624298,3509836
10/20/2016,522.375,525.349976,516.900024,457.352203,3535490
10/21/2016,517.5,520.5,511.25,462.993042,3863620
10/24/2016,518.75,521.349976,512.75,457.99881,2902974
10/25/2016,518.25,519.450012,507.600006,453.58429,5636014
10/26/2016,508.5,509.924988,504.649994,452.246521,2775216
10/27/2016,508.950012,508.975006,500.549988,447.47522,7227790
10/28/2016,502.600006,505,496.575012,444.799744,5840706
11/1/2016,503.399994,503.399994,493.200012,441.210144,6332798
11/2/2016,492.399994,493.75,490,437.464417,5377194
11/3/2016,490.524994,491,482.549988,431.132477,5225108
11/4/2016,483.5,489.600006,480.5,432.983032,6005548
11/7/2016,492.5,493,487.5,436.082123,4537672
11/8/2016,493.450012,493.875,485.299988,438.155609,5261108
11/9/2016,465,487.299988,450.5,427.319916,12764158
11/10/2016,481.25,481.25,467.5,418.892151,7287330
11/11/2016,470,472.5,459.350006,410.932526,7096782
11/15/2016,462,469.975006,454.274994,411.82431,9235850
11/16/2016,465,478.424988,464.274994,419.560974,12222616
11/17/2016,467.125,474.5,463.200012,414.611328,5706730
11/18/2016,465,466.625,458.75,410.241333,6040228
11/21/2016,463.450012,463.450012,453.475006,406.272705,7940568
11/22/2016,458.450012,464.325012,455.825012,407.65509,5483126
11/23/2016,461.049988,461.450012,456.225006,410.352844,8251786
11/24/2016,464.100006,469.950012,461.649994,414.83432,16780644
11/25/2016,465.225006,492.5,465.225006,435.881439,12631380
11/28/2016,489.649994,491.725006,485.299988,436.884705,7365712
11/29/2016,489.399994,492.350006,483.549988,433.696442,6125506
11/30/2016,486.5,488.5,480.524994,435.011871,8500918
12/1/2016,488,491.774994,483.5,435.03418,4611590
12/2/2016,482.399994,484.799988,480.549988,430.084564,4453228
12/5/2016,482.950012,484.299988,479,428.81369,3659576
12/6/2016,480.899994,489.75,480.825012,430.97641,3562110
12/7/2016,484,486.5,480.100006,430.931854,3385980
12/8/2016,485.024994,493.049988,485.024994,439.069763,5941662
12/9/2016,492.5,504.075012,490.75,441.165497,8648384
12/12/2016,491.399994,491.399994,482.600006,435.814545,5345020
12/13/2016,490.25,496.424988,485.549988,441.544586,4854282
12/14/2016,495.5,502.475006,492.049988,445.80304,5382614
12/15/2016,498.700012,509.475006,494.5,442.503296,7966416
12/16/2016,501.899994,504.850006,498.875,448.211029,6436742
12/19/2016,503.049988,504.125,497.049988,447.988037,4124134
12/20/2016,501,509.5,500.649994,451.332397,7636498
12/21/2016,508,511,499.125,446.605682,7343976
12/22/2016,501.25,503.5,484.75,439.09201,7060054
12/23/2016,492.450012,503.299988,486.799988,440.76416,7306036
12/26/2016,494,497,487.549988,438.222473,3213828
12/27/2016,491.375,500.950012,490,445.44635,4912816
12/28/2016,501.475006,504.899994,497.5,445.245667,5476816
12/29/2016,501.875,504,494.075012,442.503296,6240124
12/30/2016,499,506,496.375,450.641174,7267768
1/2/2017,505.549988,506.475006,499.674988,446.405029,2335222
1/3/2017,502.049988,502.450012,491,443.17215,6778482
1/4/2017,497.524994,502.100006,496.125,444.911255,7073586
1/5/2017,500.799988,504.75,494.375,444.197754,8207074
1/6/2017,497.450012,499.424988,484.024994,433.540405,14393448
1/9/2017,486.125,488.475006,482.5,432.693176,10545692
1/10/2017,488.5,490.5,483.975006,432.782379,11939854
1/11/2017,487.100006,489.225006,481.975006,432.135773,12241574
1/12/2017,488.774994,502.200012,488.774994,445.936859,11855740
1/13/2017,515,520,481.350006,435.123383,31276246
1/16/2017,482.5,482.725006,476.225006,426.138214,12351372
1/17/2017,478.125,482,476.200012,426.026703,5560094
1/18/2017,479.049988,480.5,474.899994,423.975494,5952962
1/19/2017,475.5,479.799988,474.049988,427.230682,8876480
1/20/2017,475,476.575012,473,423.039124,9124742
1/23/2017,472.5,479,470,424.822784,7948580
1/24/2017,475,475,470.049988,421.63446,6826010
1/25/2017,473.049988,473.399994,467.399994,417.643524,9978090
1/27/2017,466.924988,473.774994,450.575012,420.118408,10635138
1/30/2017,468.75,475.75,464.424988,423.328918,11369208
1/31/2017,470.75,470.75,452.174988,414.076233,24068534
2/1/2017,460.549988,461.600006,452.575012,408.792114,11531782
2/2/2017,458.5,472.5,455.049988,417.331329,11828268
2/3/2017,466.899994,470.450012,460.524994,417.420532,8423958
2/6/2017,468.625,471.875,465.274994,417.041565,6727934
2/7/2017,466.5,474.899994,464.274994,420.162933,9268002
2/8/2017,468,472.049988,466.225006,417.598907,6319962
2/9/2017,468.5,475,468.274994,421.835144,11907266
2/10/2017,473.125,486,471.649994,431.779022,12252452
2/13/2017,486.424988,493.049988,481.424988,438.935944,13724268
2/14/2017,490,494.5,486.174988,440.429779,9338818
2/15/2017,494.600006,499.399994,484.399994,437.798889,7259486
2/16/2017,495.5,506.950012,495.024994,451.310028,12815858
2/17/2017,506.875,506.875,496.350006,445.959076,4851208
2/20/2017,498.25,515.5,496.75,450.485138,4650662
2/21/2017,511.049988,512.25,500.024994,451.979004,7613996
2/22/2017,507.5,507.5,493.200012,441.522247,6607838
2/23/2017,499.450012,510,496.674988,449.860809,9542656
2/27/2017,503.649994,511.5,503.475006,451.443817,5328696
2/28/2017,505.924988,511.350006,504.625,451.443817,5940132
3/1/2017,506,513.5,505.049988,457.129303,4282448
3/2/2017,512.200012,514,508.25,456.304291,2948498
3/3/2017,505.125,517.150024,500.200012,459.827026,5401612
3/6/2017,510.024994,517.974976,509.850006,461.031036,5286386
3/7/2017,511,512.900024,507.350006,454.743622,4644496
3/8/2017,508.450012,508.450012,502.225006,449.392639,6179176
3/9/2017,503.899994,506.5,499.5,451.064789,3480630
3/10/2017,507.5,513.825012,506.700012,455.657745,4550324
3/14/2017,511.399994,520.950012,511.399994,461.432404,7878396
3/15/2017,517.450012,517.450012,503.75,451.243195,6373978
3/16/2017,506.649994,515.849976,506.649994,458.779175,6702956
3/17/2017,517.700012,521.450012,509.625,463.884857,9507846
3/20/2017,513.275024,513.275024,507.549988,455.501678,4427388
3/21/2017,510.450012,517.474976,509.399994,460.562836,4869584
3/22/2017,511.225006,519.974976,510.200012,458.266327,3990852
3/23/2017,514.125,521.5,513.299988,463.951782,4501662
3/24/2017,519,522,513.849976,459.916229,4883896
3/27/2017,513.599976,520.924988,512.25,458.779175,7684824
3/28/2017,515.75,519.5,515.025024,461.58844,4796796
3/29/2017,517.150024,520.75,512.924988,460.116882,6981186
3/30/2017,517,517.950012,510.125,457.285309,12157180
3/31/2017,511.625,514.650024,504,455.836121,14153854
4/3/2017,516.075012,516.224976,503.049988,449.838531,4315600
4/5/2017,502.5,502.700012,495.5,444.108551,7398338
4/6/2017,499.075012,502.899994,496,445.736145,5379008
4/7/2017,500.450012,500.450012,489.5,437.687317,6404508
4/10/2017,492.450012,494.75,475.049988,425.134949,9528472
4/11/2017,478.024994,485.850006,478.024994,431.266235,8655466
4/12/2017,485,488.450012,480.174988,432.024292,6696752
4/13/2017,485,495,463.325012,415.324768,30973188
4/17/2017,465,466.049988,461.75,412.426392,7213434
4/18/2017,462.375,467,459.549988,411.423096,4647518
4/19/2017,461.5,465,456.325012,409.884613,10071702
4/20/2017,460.75,464.850006,459.274994,413.496552,4549000
4/21/2017,467.399994,467.399994,460.549988,411.891235,3577466
4/24/2017,458.75,464.25,456.5,413.16214,5556666
4/25/2017,462.950012,466.5,460.274994,414.410645,4737060
4/26/2017,464.975006,467.774994,455.100006,407.677307,9084496
4/27/2017,458,464.5,458,412.582458,7797208
4/28/2017,463.424988,463.700012,457.799988,409.773224,5029702
5/2/2017,462,463.200012,457.549988,411.400757,3231126
5/3/2017,463.25,469.549988,458.825012,416.618011,4659448
5/4/2017,468.5,469.825012,464.450012,418.111725,5279806
5/5/2017,468,468.674988,460,415.369354,4432788
5/8/2017,469,474.274994,466,421.612152,4707098
5/9/2017,475.299988,475.975006,471.049988,422.125031,5649372
5/10/2017,473.575012,475,468.575012,420.787201,3364302
5/11/2017,473.424988,474.924988,468.774994,420.987854,3229482
5/12/2017,476.5,483,475.725006,429.973083,10979996
5/15/2017,481.75,481.75,474.549988,424.309998,7297164
5/16/2017,476.549988,480.075012,473.475006,425.848419,6130168
5/17/2017,475.799988,479.225006,471.924988,424.86731,2915508
5/18/2017,471.5,486.950012,471.424988,428.858276,8057848
5/19/2017,480.75,481.350006,473.924988,427.163849,4257396
5/22/2017,479.200012,483.450012,478.274994,428.724518,5503052
5/23/2017,482.325012,483.5,477.049988,426.873962,4039982
5/24/2017,480,482.75,474.799988,425.759155,5636286
5/25/2017,480.5,493.299988,480.5,438.467743,10438514
5/26/2017,493.5,500,490.299988,443.99704,4988004
5/29/2017,495.450012,498.350006,487.850006,439.292694,6308434
5/30/2017,491,500,489.325012,444.220062,3716910
5/31/2017,496.774994,496.774994,487.424988,435.680725,7763900
6/1/2017,484.649994,489.850006,479.274994,439.800812,5508606
6/2/2017,486.700012,487.725006,482.100006,438.917938,3917966
6/5/2017,485,486,478.524994,434.073578,5462698
6/6/2017,482.5,493.75,482.200012,443.400146,7008686
6/7/2017,492.5,494.450012,472.5,435.228058,12455046
6/8/2017,481.475006,481.475006,474.075012,433.032196,6195352
6/9/2017,469.274994,475.475006,461.5,429.478119,14757662
6/12/2017,471.674988,482.600006,470.049988,436.382538,8591676
6/13/2017,476.75,481.475006,475.799988,433.643402,4937794
6/14/2017,480,480.950012,475.600006,434.005615,7438110
6/15/2017,479.825012,483.975006,474.799988,431.062683,5528062
6/16/2017,474.549988,476.924988,468,425.697693,10948450
6/19/2017,469.975006,470.125,464,420.989075,6855860
6/20/2017,467.5,473.450012,467.024994,427.191681,5184396
6/21/2017,472.5,474.5,468.024994,427.101166,3735864
6/22/2017,473.850006,484.350006,467.549988,425.652405,9465242
6/23/2017,472.5,474.575012,469,427.055878,6403018
6/27/2017,472.5,474,461.875,419.721375,6904660
6/28/2017,466.399994,466.5,460.5,418.657379,5905224
6/29/2017,465.100006,473.975006,463.299988,421.147583,15914040
6/30/2017,465.399994,469,464.5,423.569733,4216700
7/3/2017,470.549988,477.5,467.299988,430.972198,5088924
7/4/2017,476.924988,485,474.700012,435.612885,5167726
7/5/2017,479.5,479.5,472.700012,430.51947,4226228
7/6/2017,472.5,478.5,472.100006,428.753754,3829720
7/7/2017,471.924988,472.725006,466.524994,423.501831,5776886
7/10/2017,471.600006,479.899994,470,433.303833,1464376
7/11/2017,478.325012,494.75,478.325012,441.589111,11539708
7/12/2017,487.475006,490.75,484.375,440.230896,6275976
7/13/2017,488.625,491.725006,482.049988,442.358795,5170392
7/14/2017,499.725006,503.424988,483.024994,440.095032,22478180
7/17/2017,487.5,496,487,445.528046,7698250
7/18/2017,493.024994,502.399994,490.549988,446.229797,8260180
7/19/2017,490.725006,494.325012,484.549988,443.626495,5890278
7/20/2017,489.649994,489.924988,483.475006,438.917938,6809740
7/21/2017,486.5,491.274994,485.700012,443.739777,5980754
7/24/2017,491.75,497,491.299988,448.471008,6129176
7/25/2017,495,499.5,493.100006,449.965027,7145614
7/26/2017,499.049988,499.5,495.200012,450.055603,6870024
7/27/2017,498,502,483.399994,439.642395,12676852
7/28/2017,488,501.5,481.149994,451.549683,11098428
7/31/2017,495.950012,510.850006,493.375,457.820221,19158248
8/1/2017,505.5,508.5,499.174988,455.262207,7689398
8/2/2017,503,506.375,493.600006,449.738647,4257584
8/3/2017,495.5,499.375,490.125,445.505432,4640348
8/4/2017,494,494.5,488.024994,445.392273,5349018
8/7/2017,491.75,491.875,482.850006,438.374664,6073744
8/8/2017,484.25,485.125,477.524994,436.382538,6004648
8/9/2017,483.825012,486.950012,482.274994,438.87265,3922410
8/10/2017,484.950012,493.75,484.674988,444.260406,9140684
8/11/2017,488,498.5,484.799988,447.180634,6544156
8/14/2017,494,494.600006,488.575012,444.350922,3816470
8/16/2017,491,493.049988,484.5,441.52124,6178080
8/17/2017,502.5,514.625,499.024994,462.18927,25784260
8/18/2017,508.950012,508.950012,442.100006,418.000946,164404960
8/21/2017,462,462,435,395.431366,90407176
8/22/2017,447.600006,448.524994,430,396.336853,49242598
8/23/2017,440,451.850006,436.950012,404.214722,61284190
8/24/2017,455,459.125,451.174988,412.975403,42380524
8/28/2017,471.975006,476.975006,469,426.037201,40712108
8/29/2017,470.725006,471,462.774994,419.902466,13369392
8/30/2017,468.600006,469.5,462.049988,419.540344,16149664
8/31/2017,464.399994,464.475006,456.450012,414.243134,15022452
9/1/2017,457.975006,462.950012,455,416.506836,8433922
9/4/2017,460.5,460.549988,446.75,407.565033,10177108
9/5/2017,451,452.5,448.625,408.334717,9783392
9/6/2017,450,450.149994,445,405.482391,7735910
9/7/2017,450,450.25,446.174988,405.550323,6241192
9/8/2017,449.5,449.5,441.049988,400.366333,8604542
9/11/2017,445.200012,445.899994,436.825012,397.830963,13787642
9/12/2017,441.274994,443.875,439.399994,400.253113,17241354
9/13/2017,442.75,443.799988,440.5,400.117279,11478228
9/14/2017,442.25,448.299988,440.799988,404.03363,13698006
9/15/2017,446.149994,456.625,446.100006,411.209625,13459460
9/18/2017,455,458.875,453.149994,411.594482,8475860
9/19/2017,454,458,451.75,413.02066,6033330
9/20/2017,458.5,458.5,453.725006,413.224396,5767830
9/21/2017,457.5,457.625,454.075012,411.798248,8204152
9/22/2017,454.075012,455.125,444,406.704834,17604088
9/25/2017,450.5,450.975006,444.549988,405.369141,9088700
9/26/2017,448.5,454.200012,447.149994,410.145721,7366478
9/27/2017,453.049988,453.950012,447.549988,407.383942,6000138
9/28/2017,448.049988,451.950012,447.149994,405.663483,17537266
9/29/2017,449,451.200012,447.5,407.42926,5705832
10/3/2017,455.049988,456,450.799988,409.081757,4947522
10/4/2017,451.5,452.700012,448.575012,407.293365,4991492
10/5/2017,450,452.475006,449.5,408.855316,8611300
10/6/2017,452,461,451.975006,416.597412,8574308
10/9/2017,460,464.5,457,418.295258,3504832
10/10/2017,469.975006,469.975006,464.774994,423.524475,7143220
10/11/2017,467.725006,469,464,421.373901,5982504
10/12/2017,465,467.174988,459.774994,419.834564,10280972
10/13/2017,466.399994,466.75,463.774994,421.102264,7180728
10/16/2017,467.975006,471,466.5,425.131714,5758750
10/17/2017,468.399994,468.399994,464.75,421.283417,5625102
10/18/2017,464.450012,465,461.475006,418.498932,7231852
10/19/2017,465,466,462.600006,419.676117,1091434
10/23/2017,465,471,464.049988,425.358093,9154096
10/24/2017,473,473.325012,460.799988,419.472412,14529328
10/25/2017,459.5,472.350006,457.625,423.456543,13984134
10/26/2017,471,475.899994,470.049988,428.91217,33659258
10/27/2017,477.5,478.850006,472,428.459412,8524956
10/30/2017,477.325012,477.325012,470.524994,427.440704,12968326
10/31/2017,462.5,465,460,423.194305,9954988
11/1/2017,462.5,464.700012,461.649994,425.581512,5633134
11/2/2017,461.524994,463,460,423.676392,4686138
11/3/2017,458.5,464.950012,458.475006,425.397919,3699086
11/6/2017,461.575012,467.5,461.325012,426.33902,5066534
11/7/2017,463.125,480,462.924988,438.64209,13442820
11/8/2017,480.125,480.924988,473.75,437.173035,5369994
11/9/2017,476.5,481.5,474.125,438.183044,4723232
11/10/2017,479.399994,482.174988,475,441.648987,6589428
11/13/2017,481.024994,484.700012,474.674988,437.01239,5021216
11/14/2017,475.975006,477.424988,471.625,435.70401,5733710
11/15/2017,472.575012,476.75,472.25,436.943512,7023516
11/16/2017,475.899994,497.950012,474.25,453.745544,15687502
11/17/2017,492.75,492.75,482.575012,445.73468,8057670
11/20/2017,484.5,485.5,478.625,440.960388,5661190
11/21/2017,480.649994,485.75,480.024994,443.577118,5364656
11/22/2017,483.299988,485.524994,481.649994,443.600067,6084920
11/23/2017,485.75,497.225006,484.5,455.053925,11894618
11/24/2017,495.450012,509.649994,495.100006,463.454834,18619912
11/27/2017,503.350006,503.350006,496.649994,458.496887,6017730
11/28/2017,497.200012,499.950012,490.649994,452.046936,4616868
11/29/2017,493.825012,495.975006,490.149994,451.128845,3838070
11/30/2017,494.725006,494.725006,484.174988,448.098877,17266944
12/1/2017,489.700012,491.600006,478.524994,440.157013,4085000
12/4/2017,490,498.399994,484.274994,452.345306,17811606
12/5/2017,492.674988,501.5,489.5,451.886292,9976738
12/6/2017,492.5,497.049988,492,454.617706,7490094
12/7/2017,494.5,501.450012,492.799988,458.978943,7549544
12/8/2017,500.5,503.5,497.5,459.920013,5983244
12/11/2017,497.475006,503.450012,496.975006,461.503845,5139098
12/12/2017,501,507,501,463.890991,9320434
12/13/2017,505.450012,509.5,498.825012,460.792297,5362398
12/14/2017,502.625,507.5,499.649994,465.084534,6023572
12/15/2017,506.5,513.200012,505.924988,469.583466,10384134
12/18/2017,505.950012,515.349976,502.899994,466.691315,4035448
12/19/2017,508.725006,508.975006,499.774994,460.884064,7118898
12/20/2017,502.549988,509.299988,500.5,466.346954,4186326
12/21/2017,507.399994,514.474976,499.200012,469.193237,11059162
12/22/2017,508,522.400024,508,477.135132,12906940
12/26/2017,515,520.75,511.5,475.413635,10808906
12/27/2017,514,519.549988,513.700012,474.793915,6970172
12/28/2017,515,520,511.899994,474.334808,8433472
12/29/2017,515.049988,524.400024,515,478.374695,6601768
1/1/2018,518.849976,522.25,515,474.472595,5431340
1/2/2018,518.625,521,511.5,472.705139,6112248
1/3/2018,514.25,515.799988,509.299988,468.848938,6846552
1/4/2018,510.5,510.5,504.799988,466.140472,8947614
1/5/2018,507.649994,513.200012,503,464.579559,11025976
1/8/2018,512.450012,519.5,510.024994,475.620239,5594690
1/9/2018,520,522.450012,514.450012,478.053345,9948236
1/10/2018,523.400024,528,516.525024,483.05719,9468634
1/11/2018,527.625,541.700012,527.625,493.868317,16775298
1/12/2018,542.900024,542.950012,535.275024,495.084808,18016528
1/15/2018,540,546.474976,532.549988,496.324249,10649250
1/16/2018,540.625,567.400024,540.625,515.467651,22646966
1/17/2018,562.424988,580.900024,561.5,528.895325,26154088
1/18/2018,572.5,582.450012,566.049988,529.170898,13204970
1/19/2018,572.5,573.950012,568,524.924255,5988278
1/22/2018,566.075012,578.474976,566,527.931396,9650214
1/23/2018,577.5,594,577.5,540.372131,15403796
1/24/2018,587.400024,610.525024,583.75,544.365967,20604718
1/25/2018,591,591.700012,581.125,539.591675,13548914
1/29/2018,583.275024,598.125,582.599976,543.034729,10823002
1/30/2018,589.450012,591.549988,581.349976,537.411133,8628312
1/31/2018,579.575012,583.299988,571.075012,528.046021,9213698
2/1/2018,571.099976,578.950012,559.275024,525.452332,13005454
2/2/2018,567.625,581.450012,565.049988,524.832581,10244486
2/5/2018,570,577.424988,567.924988,522.514282,9860220
2/6/2018,549.974976,564.174988,547.575012,508.535583,10552078
2/7/2018,558,562.400024,551.775024,509.132477,8342056
2/8/2018,561.400024,573.200012,558.275024,520.700928,8807244
2/9/2018,559,560.150024,553,509.178284,4382690
2/12/2018,557.400024,560.299988,548.900024,506.263214,6291972
2/14/2018,553,558.650024,545.099976,503.944885,8345712
2/15/2018,551.5,564.849976,551.5,511.61142,7986736
2/16/2018,562.5,570.825012,559.049988,517.854736,9889222
2/19/2018,564.200012,568,560.150024,519.553284,6461840
2/20/2018,551.875,574.75,551.875,521.940369,7188594
2/21/2018,573.75,575.950012,570,526.737793,13771358
2/22/2018,572.775024,582,570.224976,532.866333,17859974
2/23/2018,581.75,583,573.375,530.525085,9459828
2/26/2018,575.5,577.525024,567.174988,522.697937,5083608
2/27/2018,572.474976,576.825012,562.825012,528.023193,6616026
2/28/2018,573.799988,594.75,571.275024,538.306335,17268416
3/1/2018,584.799988,584.799988,578.025024,532.866333,6579852
3/5/2018,580.375,585.400024,571.625,530.639954,8101456
3/6/2018,581.275024,582.700012,571.799988,528.551025,6689734
3/7/2018,577.5,580,569.025024,525.222778,6370416
3/8/2018,574.5,582.900024,574.5,530.984192,6093014
3/9/2018,581.174988,583,577.775024,534.082825,4220964
3/12/2018,588,595.924988,585.875,544.34314,7676970
3/13/2018,590.099976,598.5,587.575012,543.447876,8581052
3/14/2018,590,595.299988,584.549988,542.070679,4429710
3/15/2018,590,594.200012,586,542.851135,6101500
3/16/2018,591,591.200012,584.625,537.984985,17954826
3/19/2018,582,590.25,571.325012,526.439331,7526620
3/20/2018,574.299988,585,574.299988,534.61084,8553766
3/21/2018,585,587.75,581.099976,535.965027,7692994
3/22/2018,582.25,588.724976,577.650024,533.118896,6813168
3/23/2018,573.5,586.900024,571.174988,536.010986,12008084
3/26/2018,583.450012,583.450012,572,530.341309,8930722
3/27/2018,580,580.650024,575.049988,529.7677,3802088
3/28/2018,575.375,575.375,563.125,519.576294,12558322
4/2/2018,570.5,574.775024,560.650024,522.032349,8072702
4/3/2018,567.349976,571.775024,564.049988,523.54718,4077168
4/4/2018,572,572.275024,560,516.087219,4813302
4/5/2018,569.775024,575.650024,564.549988,526.806641,7763544
4/6/2018,571.5,573,561.049988,517.372742,5937742
4/9/2018,562.5,562.900024,553.275024,510.142303,7202882
4/10/2018,556,562.25,552.700012,511.129272,8926058
4/11/2018,559,565.75,558.25,516.110291,9025574
4/12/2018,564.724976,586.375,562.5,533.715759,17044366
4/13/2018,587,592.950012,575.125,537.778442,21227038
4/16/2018,551,570,551,520.218933,24745084
4/17/2018,563.5,563.700012,557.5,516.546387,10397940
4/18/2018,561.424988,567.375,556.924988,516.890747,10430380
4/19/2018,562,569.900024,561.549988,520.058228,8525542
4/20/2018,569.5,596.849976,568.474976,540.991943,24272692
4/23/2018,584,607.200012,577.625,545.238281,21830638
4/24/2018,592.5,598.200012,575.049988,529.997192,8526216
4/25/2018,576,585.5,572.599976,532.682739,11594178
4/26/2018,587,590.825012,580,540.073792,11302084
4/27/2018,590,595.799988,587.099976,544.090637,7663370
4/30/2018,590.849976,603.974976,590.325012,550.655334,5511678
5/2/2018,599.450012,600.799988,590.5,549.530701,10295042
5/3/2018,598.625,602.349976,588.049988,542.874146,5332230
5/4/2018,592.5,593,577.5,538.535767,6023368
5/7/2018,590.625,595,587.75,543.080688,4638960
5/8/2018,588.950012,588.950012,580.525024,535.069946,5718556
5/9/2018,583.75,588.450012,581.5,537.434082,3783504
5/10/2018,588,591.5,581.424988,536.194641,3182862
5/11/2018,586.150024,591.599976,583.025024,542.047791,3311706
5/14/2018,592.174988,595.75,585,545.9729,4432094
5/15/2018,594.049988,604,594.049988,548.382996,5611974
5/16/2018,593.625,599,592.25,546.271179,6205004
5/17/2018,598,598.724976,586.775024,543.034729,9519598
5/18/2018,591.5,593.275024,586.5,543.172546,7139660
5/21/2018,589.775024,594.200012,585,541.473938,8475320
5/22/2018,587.5,599,586.950012,548.061584,5636804
5/23/2018,597.5,603.825012,590.75,543.952942,9538442
5/24/2018,599,613.775024,599,560.525452,9740570
5/25/2018,615.049988,624.325012,610.400024,563.876648,8901438
5/28/2018,615.5,616.299988,603,557.495544,5739794
5/29/2018,607.025024,613.275024,603.099976,558.551392,3388934
5/30/2018,608.5,614.375,602.799988,556.255981,6323066
5/31/2018,605.849976,621,605.125,565.483337,19720340
6/1/2018,615.200012,623.125,608.599976,560.433594,4998356
6/4/2018,610.549988,621.5,606,568.97229,4270156
6/5/2018,621,621,608.5,560.456482,4710862
6/6/2018,612.599976,620.775024,610.025024,568.077026,4038184
6/7/2018,619,629,619,574.963196,6676226
6/8/2018,624,631,623.025024,578.452087,6459878
6/11/2018,632.775024,635,627.525024,579.530823,5171290
6/12/2018,632.875,635.625,625.224976,577.740417,7839820
6/13/2018,633.400024,642,633.400024,585.223389,5766928
6/14/2018,626.5,626.5,617.049988,573.609497,7598848
6/15/2018,618.5,645.75,617.5,592.834778,19957760
6/18/2018,642,645.625,631.174988,586.426392,8214846
6/19/2018,631.5,631.700012,619.025024,574.488586,7545700
6/20/2018,624.25,626.174988,619,575.205933,5371802
6/21/2018,622.974976,628.25,618,576.779114,5798790
6/22/2018,621.5,627.75,620.599976,577.380615,4343118
6/25/2018,628.575012,639.400024,627,588.763,7731178
6/26/2018,634.5,641.950012,633.125,591.261597,4483504
6/27/2018,641.974976,646.724976,632.799988,587.629456,6952142
6/28/2018,638.150024,649,638.125,596.698364,10996818
6/29/2018,649.025024,657.5,641.625,604.841858,9966600
7/2/2018,657,670,657,617.566162,4830144
7/3/2018,665.950012,678.950012,665.875,626.380554,8127452
7/4/2018,676.025024,676.325012,669.424988,622.424438,5025722
7/5/2018,673.549988,673.625,634.049988,594.107178,17019902
7/6/2018,645.125,650.924988,634.5,594.222839,11215356
7/9/2018,648.5,651.5,639.525024,600.978333,6644998
7/10/2018,654.25,657.724976,647.150024,602.158264,5974488
7/11/2018,658.775024,671.049988,645.674988,610.972656,11899832
7/12/2018,663.049988,663.549988,642.224976,598.896179,13272240
7/13/2018,657.5,665.799988,649.174988,609.561401,19496158
7/16/2018,658.700012,692.200012,643.849976,616.710144,35344680
7/17/2018,664.849976,674.75,656.349976,614.4198,11161690
7/18/2018,669.900024,671.700012,657,611.944336,6919016
7/19/2018,661.5,665.950012,654.549988,609.237549,5118864
7/20/2018,663,683.575012,660.650024,623.766296,11705738
7/23/2018,676.075012,684,668.125,627.39856,7675702
7/24/2018,687.200012,691.200012,678,637.207825,6172246
7/25/2018,689.5,696.900024,682.724976,640.261536,6936922
7/26/2018,689.275024,695.200012,684.599976,635.403259,7362218
7/27/2018,686.599976,694.5,684.150024,635.495789,6493232
7/30/2018,685,686.5,674,625.108215,6409970
7/31/2018,674.275024,685,667.775024,631.632263,7943996
8/1/2018,681.900024,684.224976,675.5,626.519348,4675706
8/2/2018,679.799988,683.375,675.075012,626.334229,5940742
8/3/2018,683.099976,683.099976,678,631.169434,3970390
8/6/2018,683.025024,687.5,673.75,629.573181,6178930
8/7/2018,687,689.974976,680.325012,632.950928,7351528
8/8/2018,685.900024,686.25,676.650024,630.544922,3992358
8/9/2018,686.825012,694.724976,686.825012,638.503418,6409524
8/10/2018,692.900024,694.5,686.525024,641.048218,4779520
8/13/2018,695,704.924988,689.349976,651.829102,9979746
8/14/2018,706.974976,712.275024,702,651.62085,6151320
8/16/2018,707.474976,717.450012,705.625,661.453247,6626774
8/17/2018,715.450012,718.825012,711.5,661.823364,6390408
8/20/2018,694,703.974976,686.75,640.492981,16101876
8/21/2018,695,698,686.875,640.354126,8361482
8/23/2018,696.5,700.75,692.674988,646.577515,7717182
8/24/2018,698.25,700.950012,688.049988,637.739929,7053000
8/27/2018,691.5,709.974976,690.700012,654.906067,7012950
8/28/2018,708.599976,719.200012,705.75,659.209167,6496890
8/29/2018,716.799988,716.799988,702.575012,652.453735,5646496
8/30/2018,706.400024,710.775024,698.075012,655.276184,11507962
8/31/2018,712.549988,727.150024,710.549988,666.797485,10875864
9/3/2018,724.5,733.950012,715,663.62793,10976328
9/4/2018,722,748.5,716,682.159119,15370124
9/5/2018,741.950012,744.049988,725.400024,675.44989,8658978
9/6/2018,732.549988,735.5,724.099976,672.905029,5598659
9/7/2018,734.349976,735.150024,723.799988,678.133545,6510605
9/10/2018,737.75,747,729.400024,676.329041,5629871
9/11/2018,735.900024,744.75,732,679.521667,6963561
9/12/2018,744.400024,746.5,736.25,687.480225,4636617
9/14/2018,741.900024,745,729.049988,678.966431,7896514
9/17/2018,735,740,724.599976,671.794556,5427054
9/18/2018,730,730,717,665.455566,7729732
9/19/2018,727,727,713.200012,666.057129,4849498
9/21/2018,713.849976,717.400024,692,652.685059,14350769
9/24/2018,706.5,729.950012,706.5,664.669006,8637881
9/25/2018,718.25,736,717,672.02594,9602273
9/26/2018,731.200012,731.849976,712,664.298828,6599606
9/27/2018,722,730.799988,717.450012,670.730347,14592616
9/28/2018,721,734.549988,715.200012,675.588745,7490031
10/1/2018,737.5,754.900024,733,690.950439,8252398
10/3/2018,743.799988,751.950012,726.299988,674.154358,7792464
10/4/2018,728.5,729.75,702.5,654.443359,6173037
10/5/2018,713,731.5,709.299988,670.545288,8543578
10/8/2018,725.049988,728.700012,709.25,661.152527,7259306
10/9/2018,717.099976,722.400024,702.650024,664.20636,6777212
10/10/2018,719.900024,719.900024,695.400024,648.19696,8866251
10/11/2018,685,692.900024,663.299988,623.11853,10985897
10/12/2018,676.400024,684.049988,661.5,628.161987,8909221
10/15/2018,688.599976,705,681.5,646.669983,6222176
10/16/2018,710,713.900024,689.400024,643.384827,11588963
10/17/2018,710,721.799988,701.349976,652.731323,20360697
10/19/2018,687,687.700012,678,632.557617,10421001
10/22/2018,688.700012,695.049988,673.799988,629.226135,6672840
10/23/2018,675.950012,682,653.299988,608.543457,9041701
10/24/2018,663,666.5,647.150024,601.325378,7058164
10/25/2018,643,656.349976,636.25,606.891479,8270469
10/26/2018,645.299988,648.700012,629.900024,592.718872,5464141
10/29/2018,633.700012,650.549988,631.5,603.149536,7137446
10/30/2018,641.099976,663.799988,637.450012,617.041321,8793411
10/31/2018,663.900024,692.950012,663.049988,642.112244,11947995
11/1/2018,689.700012,689.700012,659.599976,623.68335,5860244
11/2/2018,665.950012,675.799988,660.099976,619.520386,6654067
11/5/2018,663.5,668.599976,657,623.028442,5799426
11/6/2018,667.900024,675,660.650024,623.449463,6975525
11/7/2018,673,677.5,672,631.915466,758956
11/9/2018,679,679,655.5,616.947754,9694143
11/12/2018,666,676.400024,662.299988,621.344604,7118080
11/13/2018,663.5,667.75,656.299988,622.747803,4137808
11/14/2018,665.700012,665.700012,640.5,611.05426,7323026
11/15/2018,654,666,646.700012,614.047852,5513390
11/16/2018,659.900024,662.5,644.200012,608.855896,8583785
11/19/2018,659,662,649.25,609.651123,6018930
11/20/2018,651.700012,656,640.099976,600.015686,5384830
11/21/2018,640,640.049988,612.099976,579.15448,14359086
11/22/2018,622.25,628.150024,616.75,580.698059,6632975
11/26/2018,621,628,599.849976,581.352905,15075209
11/27/2018,625.5,641,625.299988,597.677002,12285851
11/28/2018,640.950012,668.700012,640,623.402649,17719890
11/29/2018,671,674.900024,658.799988,618.397827,13399070
11/30/2018,661,672,660.950012,624.384827,10445773
12/3/2018,673.150024,679,665.950012,627.097778,8260890
12/4/2018,672.549988,688.25,671.299988,641.036438,7827923
12/5/2018,683,683.650024,672.5,637.434875,5177288
12/6/2018,676.099976,685.450012,664.549988,625.367126,8039771
12/7/2018,672,685.75,665.599976,638.744446,5553948
12/10/2018,669.900024,683.799988,665.200012,626.021973,5121196
12/11/2018,669.200012,681.900024,660.599976,630.97998,7120933
12/12/2018,677.099976,680.650024,670.599976,634.721863,6926183
12/13/2018,682,700,680,652.729858,7521474
12/14/2018,697.450012,713.700012,694.400024,660.494324,9560576
12/17/2018,711.849976,711.849976,692.75,649.596069,4778465
12/18/2018,686.5,686.5,674.549988,632.944397,8021298
12/19/2018,671.549988,671.549988,661.099976,621.952576,8295459
12/20/2018,660,671.549988,656.400024,624.010681,11705260
12/21/2018,659.5,659.5,643.450012,604.506042,12802132
12/24/2018,657,658.799988,647.599976,607.125366,8379825
12/26/2018,647,647,637.349976,602.49469,6178552
12/27/2018,652.75,663.25,649,614.421997,15333902
12/28/2018,663.349976,663.5,653.299988,614.562317,4736598
12/31/2018,660,662,655.799988,616.43335,3373319
1/1/2019,660.950012,666.299988,654.150024,622.139709,2943390
1/2/2019,666,674,662.049988,625.881653,7416655
1/3/2019,672,677,663.099976,625.97522,6827249
1/4/2019,671.75,673.900024,651,618.397827,7889310
1/7/2019,665,673.599976,661.5,628.360657,8046340
1/8/2019,674.950012,677.450012,668.549988,626.817078,8621545
1/9/2019,686.200012,689.799988,664,632.476746,18130292
1/10/2019,681.599976,682,672.549988,635.844482,9572493
1/11/2019,680.200012,685.5,672.5,639.399292,12281903
1/14/2019,707,710.200012,695.950012,656.612122,19312937
1/15/2019,707.200012,730,707.200012,679.718384,19671304
1/16/2019,729.900024,737.799988,728.5,689.260254,9658944
1/17/2019,735.799988,739,729.099976,686.032837,6903771
1/18/2019,730,736.200012,726.299988,683.787659,5902151
1/21/2019,738.200012,751,734,696.931152,8129422
1/22/2019,741.25,749,734,697.258606,6723375
1/23/2019,742.349976,742.599976,729.200012,684.442566,7212099
1/24/2019,728.099976,736.099976,721,688.534302,7429783
1/25/2019,728,737.900024,724.25,686.982178,5543112
1/28/2019,731,732.599976,719,684.724731,7944693
1/29/2019,725.5,732.849976,716.5,684.677673,6760819
1/30/2019,727.900024,734.799988,721.099976,682.796448,5763026
1/31/2019,726,751.299988,726,705.042236,13825233
2/1/2019,751.349976,762.5,744.5,712.096802,6276585
2/4/2019,757,762.5,749.200012,711.015198,3945391
2/5/2019,747,759.950012,747,710.027466,4694366
2/6/2019,755.549988,766.950012,754.349976,717.975647,5880482
2/7/2019,763.049988,769.450012,761,718.634094,3961797
2/8/2019,760,772.25,754.900024,715.718262,5915169
2/11/2019,766.900024,768.75,759,717.505371,5500216
2/12/2019,760.349976,760.349976,741,705.888794,7310690
2/14/2019,751,753,737.25,696.106323,4610535
2/15/2019,742.299988,746.5,732.599976,697.893494,5586389
2/18/2019,742.349976,747.650024,736,697.046875,5346825
2/19/2019,739.099976,740.549988,721.299988,681.291443,9401334
2/20/2019,727,743,726.049988,696.717651,5210675
2/21/2019,738,738,727.099976,689.898193,7202786
2/22/2019,732.5,738.200012,728,691.309143,3750833
2/25/2019,735.549988,758,735.549988,710.074524,6547552
2/26/2019,748.599976,752.599976,740.150024,698.410767,8319610
2/27/2019,745,746.400024,732.75,691.591309,5936354
2/28/2019,738.700012,742.400024,732.299988,690.697693,8559921
3/1/2019,735.5,743.400024,735.5,697.846497,3998826
3/5/2019,740.5,742.5,730.25,689.004578,4826505
3/6/2019,736.099976,736.099976,727,689.004578,6076668
3/7/2019,734,734.5,720.549988,680.02179,5951551
3/8/2019,722.950012,722.950012,710.650024,670.051086,7193994
3/11/2019,713.299988,718.5,709.400024,669.016418,9932198
3/12/2019,709,714.950012,705.599976,664.971741,11997387
3/13/2019,710,718.599976,706.299988,666.38269,11348867
3/14/2019,714,714.900024,706.200012,666.288574,6415187
3/15/2019,712,723.75,709.599976,675.882996,14638664
3/18/2019,721.549988,723.700012,705.349976,668.028809,8065544
3/19/2019,712.799988,726.5,707.400024,679.363281,8917337
3/20/2019,727.25,742.299988,727.150024,695.071594,13471173
3/22/2019,745,746.349976,732.299988,698.975159,8883260
3/25/2019,742.400024,742.400024,730.549988,691.591309,7644966
3/26/2019,735.25,735.25,719.099976,684.53656,9406261
3/27/2019,730,732.299988,727.150024,686.37085,7387487
3/28/2019,730,745,730,693.989868,9277241
4/1/2019,742,760,742,710.262573,6584982
4/2/2019,759,765.799988,754.599976,714.307251,7283600
4/3/2019,756,758.5,746.799988,708.569458,6897127
4/4/2019,751.400024,753.799988,745.099976,703.490234,7688525
4/5/2019,750.900024,760.950012,748,714.213196,6276040
4/8/2019,763.049988,770,755.400024,721.691162,4919911
4/9/2019,770,773,758.200012,715.435974,6730692
4/10/2019,764,766.700012,751.299988,708.005127,7031088
4/11/2019,751.75,751.75,740.049988,698.598999,8200995
4/12/2019,743.099976,751.549988,740.599976,703.34906,7043212
4/15/2019,724.700012,731.349976,712.599976,684.301453,31574803
4/16/2019,727.900024,727.900024,714.099976,681.103333,12524411
4/18/2019,722.5,722.5,712.75,674.472046,13801105
4/22/2019,717.049988,725.75,715,678.234497,6455426
4/23/2019,723.900024,730,718.400024,684.9599,5516668
4/24/2019,728.200012,737.900024,724,692.720032,8285120
4/25/2019,736.450012,737.650024,727.049988,685.289124,8005235
4/26/2019,731,739.799988,729,694.177979,6895168
4/30/2019,738,753.799988,738,706.735291,9920046
5/2/2019,747,748.400024,729.5,687.405518,6351352
5/3/2019,722.900024,731,718.200012,680.633057,6348116
5/6/2019,715,721.799988,710.650024,675.741882,8858265
5/7/2019,720.400024,727.900024,718.700012,681.526672,5747536
5/8/2019,721,726,716.5,676.635498,6247642
5/9/2019,719.150024,730.299988,715.799988,678.234497,7396525
5/10/2019,720.799988,726,715,674.283936,8352335
5/13/2019,716.549988,726.450012,712.099976,676.964722,6808993
5/14/2019,716.5,717.75,703.599976,671.461975,10513001
5/15/2019,714.900024,725.200012,712.599976,673.57843,6668929
5/16/2019,720,737,719.099976,689.568848,6468556
5/17/2019,733.150024,735.799988,720.099976,680.915344,8155948
5/20/2019,719.700012,726.400024,706,679.504395,11213708
5/21/2019,722.650024,722.650024,707.700012,667.18219,8645535
5/22/2019,710,718.25,707,667.605469,5795713
5/23/2019,715,716.700012,697.450012,659.421997,7233736
5/24/2019,703.799988,711.75,700.450012,667.088135,7016424
5/27/2019,707.400024,713.799988,705.5,666.053406,10247544
5/28/2019,712,733.450012,709.799988,684.865784,23860490
5/29/2019,725.5,733.650024,723.650024,684.583618,10293077
5/30/2019,727,737.25,722.549988,689.992188,15089296
5/31/2019,736.5,742.950012,733.200012,693.942871,8290306
6/3/2019,729.799988,750.900024,729,700.433167,7744761
6/4/2019,737.25,739.450012,733.150024,691.638306,11733702
6/6/2019,736.5,744.650024,733.650024,691.920471,7563925
6/7/2019,735.849976,743.950012,735.849976,695.212646,3218358
6/10/2019,740.099976,754.099976,740.099976,708.757629,4435148
6/11/2019,755,759,750.5,710.074524,5733127
6/12/2019,756.950012,756.950012,745,709.039734,8738342
6/13/2019,740,747.200012,740,708.419861,4808577
6/14/2019,743.849976,745.5,738.25,706.321167,5556353
6/17/2019,743,744.5,737.799988,706.416565,3085588
6/18/2019,740.200012,752.450012,740.200012,715.574097,6202838
6/19/2019,752.5,755.400024,748.599976,717.243469,4596253
6/20/2019,737.799988,756.900024,735.900024,720.105225,7148684
6/21/2019,755,755,747.150024,715.621765,13200318
6/24/2019,751.900024,751.900024,742.650024,711.138428,4758178
6/25/2019,744,750.900024,737.299988,713.618591,3677911
6/26/2019,743,751.450012,738,705.128845,5447130
6/27/2019,742,744.700012,728.150024,696.877502,11122346
6/28/2019,735.5,739.5,728.5,698.260681,5919494
7/1/2019,735,737.5,729.849976,697.592834,3224968
7/2/2019,734,741.650024,730.099976,705.891907,4837606
7/3/2019,741,743.200012,730,697.592834,5958379
7/4/2019,729,736.400024,728.599976,699.9776,3274064
7/5/2019,735,736.400024,713.5,684.905945,4926289
7/8/2019,716.450012,724.950012,712.299988,684.524414,7177092
7/9/2019,718,719.849976,709.049988,682.521179,5022638
7/10/2019,709,722.700012,706.5,684.190552,7573816
7/11/2019,719.450012,723.5,709.599976,688.24469,6252688
7/12/2019,722.5,730.599976,719.599976,693.252625,7874441
7/15/2019,763,781.650024,754.200012,743.428162,31064152
7/16/2019,777,787.799988,776,748.674622,9924322
7/17/2019,783.900024,795,776.75,757.546082,6754348
7/18/2019,789.049988,798.5,786.200012,756.162903,6534471
7/19/2019,788.700012,794.5,781.25,749.199402,6812754
7/22/2019,785.950012,792,782.049988,748.245483,7107151
7/23/2019,787,804,785.549988,753.634949,10782564
7/24/2019,788,793.75,783.599976,750.057861,5745146
7/25/2019,788.25,800.200012,787.650024,757.879883,9773568
7/26/2019,792.299988,795,782.200012,750.725586,4941763
7/29/2019,789.5,796.950012,786.200012,754.97052,6244316
7/30/2019,791.900024,797.799988,788.549988,756.162903,8673253
7/31/2019,790.849976,799.799988,781.599976,757.069153,7350584
8/1/2019,786.450012,788.400024,764.400024,733.41217,10066407
8/2/2019,765.049988,779.900024,762.25,739.851013,10838336
8/5/2019,772.599976,785.900024,768.650024,740.900391,9976238
8/6/2019,778.799988,783.700012,769.799988,738.754089,9331718
8/7/2019,778.900024,783.450012,772.349976,740.328003,5130457
8/8/2019,782.700012,792.75,781.25,752.394958,8009009
8/9/2019,792,796.75,784.799988,753.444214,4362520
8/13/2019,784.150024,786,760.150024,729.501099,7517099
8/14/2019,775.099976,778.25,768,739.087952,5940968
8/16/2019,780,780.049988,762.5,738.849487,5128088
8/19/2019,775.599976,783,773.349976,741.80658,3881451
8/20/2019,785.200012,798,783.849976,756.210632,8435344
8/21/2019,793,803.75,793,762.601685,5926896
8/22/2019,799.900024,801.299988,792.349976,759.024597,5222488
8/23/2019,796.450012,809.950012,795.799988,765.224976,6895015
8/26/2019,795.900024,806.799988,786.900024,765.558838,5412074
8/27/2019,791,794.950012,781.099976,748.483948,16061642
8/28/2019,787.400024,805,786.299988,765.511169,5881134
8/29/2019,795.5,809.700012,795.5,769.756042,7830413
8/30/2019,810,817.349976,802,777.3396,8174186
9/3/2019,815,822.400024,812.049988,776.719604,5647088
9/4/2019,810.75,822.450012,810.25,783.444702,6199015
9/5/2019,830.099976,837.5,826.650024,795.606873,7926895
9/6/2019,843.299988,847,835.049988,801.425842,6106841
9/9/2019,836.799988,840.299988,827.549988,790.885132,4377870
9/11/2019,822.299988,828.549988,814.150024,782.299927,7981036
9/12/2019,816.400024,819.849976,810.849976,778.770508,4400017
9/13/2019,818.099976,831.049988,817.5,791.075928,4832021
9/16/2019,832.049988,837.950012,820.549988,789.549683,4846496
9/17/2019,831.5,835,820.549988,792.935974,5540901
9/18/2019,829.900024,832.950012,824,791.600586,3199389
9/19/2019,824.849976,827,815.200012,782.872314,6601607
9/20/2019,822.900024,835,802,767.895935,22462366
9/23/2019,806.900024,806.900024,741.900024,729.119568,17279260
9/24/2019,765,798.650024,765,757.450684,13717998
9/25/2019,787.700012,801,781.650024,756.115234,9313576
9/26/2019,787.75,797,778.099976,746.480713,18442824
9/27/2019,787.049988,794.25,780.099976,746.14679,5087642
9/30/2019,785.099976,808,784.150024,768.515991,8178091
10/1/2019,807,807.549988,791.549988,756.973755,5881438
10/3/2019,792.549988,797.849976,784.150024,749.390137,5497672
10/4/2019,790,797.599976,787.049988,756.878357,8201713
10/7/2019,794.849976,802,786.099976,753.158081,3679845
10/9/2019,795.450012,795.900024,778.799988,747.530029,6335025
10/10/2019,785.400024,794.700012,776.599976,746.957642,10402917
10/11/2019,781.5,823.799988,776.599976,777.244202,20636344
10/14/2019,786.75,797,780,749.867126,15150858
10/15/2019,773.099976,775.950012,765,732.887451,13762133
10/16/2019,765.25,775.950012,761.549988,735.892334,10767032
10/17/2019,767,770.549988,765.099976,734.032227,9860495
10/18/2019,763.799988,773.799988,760,732.458252,10037200
10/22/2019,691.099976,691.099976,638.349976,620.350708,90152532
10/23/2019,630,656.650024,615.099976,635.040833,60516887
10/24/2019,650,653.200012,632,620.155518,25666433
10/25/2019,647,652.5,636,622.205322,16549337
10/27/2019,null,null,null,null,null
10/29/2019,651,653.75,647,635.089661,16709764
10/30/2019,660.400024,671.400024,656.200012,644.801636,22879467
10/31/2019,668.400024,695.450012,666.099976,669.203796,27405901
11/1/2019,690,694,682.599976,671.448853,9713519
11/4/2019,681.799988,732.5,678.150024,692.044189,29381982
11/5/2019,708.75,708.75,691.5,679.452637,12897805
11/6/2019,695.799988,721.5,692,695.265259,21372589
11/7/2019,717,724.349976,712.099976,702.878723,13733737
11/8/2019,722,724.25,705.5,691.214539,8585630
11/11/2019,698.900024,707.200012,698,687.554199,6951494
11/13/2019,696.5,700,687.75,674.816223,9973690
11/14/2019,696.349976,709.799988,696.349976,688.432617,10539902
11/15/2019,709.049988,712.950012,702.299988,687.066162,7362623
11/18/2019,705,710,699.299988,688.335083,7490916
11/19/2019,709.900024,714,705,695.802063,6495885
11/20/2019,712.799988,715,705,695.948547,6142171
11/21/2019,715.5,721.450012,710.5,696.192566,9692973
11/22/2019,711.75,712,685.099976,676.622009,14415826
11/25/2019,693.349976,705.150024,693.200012,681.404785,7334511
11/26/2019,705,707.25,686,674.084167,27253106
11/27/2019,694.25,697.650024,690.099976,679.111023,3861635
11/28/2019,699.099976,703.349976,694.049988,685.065125,4837683
11/29/2019,700.900024,702.299988,691.549988,679.696655,4262379
12/2/2019,703.099976,704,690.299988,676.133972,9383736
12/3/2019,692.700012,699.700012,688.549988,681.648804,5239013
12/4/2019,697,710.5,693.349976,691.897766,7427886
12/5/2019,706.450012,715.900024,703.799988,697.754272,4814422
12/6/2019,715.950012,720,709.599976,697.998291,5226096
12/9/2019,716,722.349976,714.25,700.096863,6435865
12/10/2019,713,718.5,710,697.461426,4457939
12/11/2019,716.599976,722.700012,713,703.80603,6043554
12/12/2019,718.5,720.700012,699.549988,685.309143,11112042
12/13/2019,700.349976,712.900024,700.349976,694.289185,10302412
12/16/2019,712.299988,720.200012,710.200012,696.924622,5616324
12/17/2019,719.700012,731.25,715,712.249146,10525565
12/18/2019,731,737.299988,722.75,714.93335,12215295
12/19/2019,733.5,735.950012,724.599976,713.371582,7199210
12/20/2019,731,735,728.25,714.054871,7794167
12/23/2019,732.150024,737.299988,731.650024,718.398438,4975608
12/24/2019,736.950012,736.950012,728.299988,715.860657,2890759
12/26/2019,732,734.549988,726.549988,711.517029,3821806
12/27/2019,729.75,737.5,728.849976,719.325745,3399094
12/30/2019,736.099976,737.950012,727.25,715.37262,5368416
12/31/2019,729.700012,737.75,725.450012,713.664429,6927885
1/1/2020,735,740,732.549988,719.228088,2112415
1/2/2020,738.900024,740.799988,730.900024,717.129578,5658200
1/3/2020,733.900024,748,733.900024,728.159302,7882938
1/6/2020,746.099976,753.799988,736.5,721.180298,6519403
1/7/2020,738,742.599976,725.099976,710.492188,7899363
1/8/2020,724.950012,729,708.299988,701.02417,8639443
1/9/2020,721.700012,731.5,714.299988,710.150513,13521186
1/10/2020,740.450012,742.900024,730.5,720.49707,9341405
1/13/2020,760,777.5,755,755.050415,36952038
1/14/2020,769.950012,776.950012,767.200012,757.100281,11414418
1/15/2020,773.849976,773.849976,762.150024,749.193909,6047430
1/16/2020,770.700012,772.5,760.25,748.657104,5740586
1/17/2020,770.700012,772.900024,762.25,749.486755,3762957
1/20/2020,771.599976,774.400024,762.950012,750.072388,3887680
1/21/2020,768.450012,770.5,760.75,744.264709,4448374
1/22/2020,768.450012,778,766,751.780579,9733935
1/23/2020,777.099976,785.5,776.700012,765.592163,12528017
1/24/2020,775.75,786.5,773.599976,764.030457,7540490
1/27/2020,779.049988,784.799988,774.400024,759.491638,3741610
1/28/2020,781,781.799988,772,759.394043,5121009
1/29/2020,786.599976,792.799988,784.25,770.81427,6832757
1/30/2020,789.700012,789.700012,778,762.02948,3859680
1/31/2020,780.549988,784.950012,771.599976,757.393066,6092028
2/3/2020,782,790.950012,764.5,749.047546,6416745
2/4/2020,770.099976,789.900024,770.099976,769.008484,5771311
2/5/2020,781,786,774.400024,765.787415,6310409
2/6/2020,784.349976,786.799988,770,752.903015,7341622
2/7/2020,775.950012,778.849976,771,758.710754,2853344
2/10/2020,774,778,769.75,754.708801,3827682
2/11/2020,779,779.099976,769.200012,755.050415,4312817
2/12/2020,775.799988,783.25,775.099976,762.371094,2948825
2/13/2020,785,794,782.200012,773.303284,4387430
2/14/2020,794.5,799.200012,784.599976,767.641968,5321680
2/17/2020,790.299988,793.450012,783.299988,770.570251,2929629
2/18/2020,785,799.049988,783.650024,778.574097,5083346
2/19/2020,800,804.849976,796.150024,781.307129,3985192
2/20/2020,803.25,806.099976,793.849976,777.939636,4564569
2/24/2020,800.099976,811.599976,792.150024,776.817078,6627536
2/25/2020,799,806,795.400024,779.306152,6996695
2/26/2020,793.950012,801.450012,780.5,764.030457,8760569
2/27/2020,778,780.75,772.200012,759.24762,5223386
2/28/2020,750,756.799988,722.049988,714.201294,14123957
3/2/2020,737,765.900024,733.75,723.327698,9821523
3/3/2020,755,759,741.25,729.135376,7826587
3/4/2020,753.900024,761.5,745.549988,740.604431,11013444
3/5/2020,763.75,773.549988,751.75,736.55365,7755293
3/6/2020,741,744,729.099976,721.277893,9216022
3/9/2020,724.5,725.849976,697,687.602966,10308654
3/11/2020,690.650024,695.950012,669.049988,669.594238,16165009
3/12/2020,668,670,627.5,616.104797,13965574
3/13/2020,592,667,570,626.988098,16903113
3/16/2020,622,622.150024,580,569.203857,19140152
3/17/2020,588.099976,592,550,541.678284,16059887
3/18/2020,568,578,528,521.522156,15390183
3/19/2020,509.25,558,509.25,532.503113,16583991
3/20/2020,549.5,617.450012,548,571.204834,21354894
3/23/2020,540,560.950012,515.900024,513.859863,17146150
3/24/2020,522,601.150024,522,575.694824,20027097
3/25/2020,597,635,565.700012,591.702698,18339548
3/26/2020,615,650.849976,612.099976,627.622559,14843813
3/27/2020,665.049988,674.900024,642.25,637.090637,13495283
3/30/2020,625.099976,663.5,621.099976,611.712402,14624804
3/31/2020,650,662,633.700012,626.158447,15175521
4/1/2020,634.349976,637.5,594,588.383972,13083824
4/3/2020,603.5,606,582.150024,571.692871,10221655
4/7/2020,615,644.25,612.900024,623.718262,15145605
4/8/2020,630,655.650024,626.349976,616.495178,11806896
4/9/2020,646.799988,652.799988,632.099976,621.033997,11931114
4/13/2020,629,651.700012,626.049988,622.156494,8330276
4/15/2020,651.400024,653.299988,635.599976,623.767029,11963447
4/16/2020,619.950012,634.900024,603.5,608.930481,17783287
4/17/2020,644,646,626,613.713379,8878320
4/20/2020,640,661,639,637.67627,13322913
4/21/2020,627.799988,646.5,627.799988,618.056946,11660575
4/22/2020,633.200012,645,628.049988,626.500061,8266728
4/23/2020,647.049988,683.650024,638.099976,663.054443,14451289
4/24/2020,668.549988,675,654.799988,642.263794,7319940
4/27/2020,661.049988,681,661.049988,648.705994,7183306
4/28/2020,673,677,653.049988,644.899292,7296571
4/29/2020,666,682,658,660.370239,8639056
4/30/2020,700,720,698.099976,698.388733,16253821
5/4/2020,689.799988,701.200012,670.349976,657.588379,9122740
5/5/2020,681.75,685.599976,670,657.588379,6393053
5/6/2020,676.900024,681.450012,664.049988,649.974915,7934250
5/7/2020,665.549988,674.349976,662.450012,649.047607,4779548
5/8/2020,672.25,680.900024,668.5,658.076416,8400321
5/11/2020,682.5,698.549988,678,666.56842,7370186
5/12/2020,678.5,691,675.5,671.204834,7356039
5/13/2020,694.799988,699.900024,683.75,677.549316,8287101
5/14/2020,659,671.75,652.599976,642.410278,16888262
5/15/2020,664.799988,664.799988,646.700012,636.700195,9255353
5/18/2020,659.849976,670.549988,653,648.022766,10435442
5/19/2020,664,674.799988,655,652.610291,5902208
5/20/2020,668.5,673,659.650024,653.537598,5794636
5/21/2020,666.5,679.450012,665.400024,656.124268,7213225
5/22/2020,675,695.849976,673.5,675.792297,11867731
5/26/2020,693,699.450012,679,664.274536,7099606
5/27/2020,686.049988,709.200012,675,688.579102,8774636
5/28/2020,707,710,690,690.482483,9440091
5/29/2020,692.5,700.799988,674.950012,683.655762,28290128
6/1/2020,698.75,706.650024,691.5,692.114868,12276438
6/2/2020,700.5,711.650024,697.549988,700.573975,7059304
6/3/2020,710.700012,711.900024,696,694.093628,11378568
6/4/2020,702,709.450012,697.5,700.227722,10782424
6/5/2020,707,711.700012,700.599976,696.072388,7718679
6/8/2020,707.650024,725.799988,704,713.188477,10719105
6/9/2020,720,729.599976,715.049988,709.973022,10078029
6/10/2020,715,719.450012,709.200012,708.241638,7263049
6/11/2020,712,713.400024,700.25,696.46814,8825715
6/12/2020,675.799988,695.150024,675.5,684.69458,9795316
6/15/2020,693,704.400024,685.25,680.242432,7857344
6/16/2020,702,712,699.150024,693.747375,10131760
6/17/2020,699.900024,710.299988,698,696.171326,7291916
6/18/2020,708.200012,716.599976,706,706.312378,6670195
6/19/2020,709,711.900024,701,698.051147,22438862
6/22/2020,707.099976,708.700012,700,696.220825,7804096
6/23/2020,695.700012,724.5,692.099976,712.990662,12157390
6/24/2020,716.900024,726.799988,709.400024,706.559753,10220838
6/25/2020,704.849976,705.599976,693.5,693.05481,14945284
6/26/2020,710.200012,751.599976,710,740.247864,26030458
6/29/2020,735.400024,744.700012,730.099976,723.972656,8954428
6/30/2020,732.799988,738.950012,724.25,728.128052,10411290
7/1/2020,737.25,742.299988,729.75,724.121094,5477468
7/2/2020,737.349976,765.450012,735.400024,748.558533,17263756
7/3/2020,755,764,752.5,754.59375,7796572
7/6/2020,765.200012,775,761.5,755.879883,8810958
7/7/2020,769.400024,796.950012,765.549988,785.709473,19362533
7/8/2020,784.900024,784.900024,772.200012,766.466187,8476642
7/9/2020,780,790,775,773.391785,6854166
7/10/2020,773.5,789.900024,773.5,773.540161,5206452
7/13/2020,788,805.349976,786.049988,788.578613,10804688
7/14/2020,792.950012,806.400024,781.349976,774.925293,8961822
7/15/2020,799,848.450012,794.799988,822.118347,30060599
7/16/2020,900.099976,955.5,894.25,901.317505,90432109
7/17/2020,911,919.900024,892.150024,893.550964,31682878
7/20/2020,908.5,945,906.75,924.369873,18421053
7/21/2020,945,949.700012,929.200012,926.793823,12877784
7/22/2020,938.950012,939,910,908.144226,14354201
7/23/2020,915.650024,915.799988,900.650024,898.299927,13051307
7/24/2020,903.25,925.75,903.25,913.041565,18209580
7/27/2020,921.549988,952.799988,918.650024,938.369507,16827870
7/28/2020,946,967.549988,941.200012,952.616394,15818463
7/29/2020,953.25,960,943.599976,944.008911,11152710
7/30/2020,962,972.650024,958.75,951.231323,12492320
7/31/2020,969.25,986.450012,953.299988,955.732971,12704346
8/3/2020,960,965.400024,947.450012,946.729736,8479792
8/4/2020,960.450012,970.700012,940.549988,939.754578,11133170
8/5/2020,952,960.950012,938.299988,934.659363,9614176
8/6/2020,953.5,974.400024,942.5,960.531372,10976491
8/7/2020,969.450012,969.450012,949,940.793457,8010948
8/10/2020,948.900024,956.799988,945.299988,941.238647,5716319
8/11/2020,949.900024,962,946.099976,938.369507,6802442
8/12/2020,948,958.799988,942.200012,944.800415,6908726
8/13/2020,954.799988,968.5,948.25,941.090271,5097703
8/14/2020,955.849976,963,952.049988,943.464722,4663873
8/17/2020,954.099976,972.450012,954.099976,947.323303,9008210
8/18/2020,963.900024,969.200012,958.700012,957.266479,6141761
8/19/2020,970.900024,971.549988,957.450012,949.104187,6622744
8/20/2020,958.900024,965.5,951.299988,944.998291,5656501
8/21/2020,963.049988,963.450012,946.549988,938.715759,6513773
8/24/2020,947,952,939.200012,937.330688,5798574
8/25/2020,947.5,948.650024,933.599976,928.129456,6233918
8/26/2020,941.25,954.25,938.400024,940.694519,5153601
8/27/2020,960,960.950012,945.200012,936.984375,6154280
8/28/2020,951.450012,952.5,933.049988,925.309814,7593610
8/31/2020,935.25,950.5,914.599976,918.730469,12808355
9/1/2020,926.25,935,912.099976,904.434082,6907773
9/2/2020,915,926.400024,913.5,914.179382,5678118
9/3/2020,926.5,949.400024,924,925.606567,8827948
9/4/2020,915,929.5,914.450012,909.38092,8650342
9/7/2020,918.900024,927.549988,913.049988,915.218201,6700385
9/8/2020,929.950012,952,925.549988,929.316711,12891964
9/9/2020,935,946,926,917.889526,5528947
9/10/2020,935.299988,942,924.799988,930.058777,5171884
9/11/2020,934.900024,954.150024,931,935.648743,6671903
9/14/2020,957,991.049988,948.299988,968.001221,21871587
9/15/2020,979.5,994,971.650024,972.008118,11608203
9/16/2020,986,1005.650024,982,991.103027,10059251
9/17/2020,995,1021,995,1000.2547,15628241
9/18/2020,1011,1018.799988,999.099976,991.498779,12897633
9/21/2020,1001,1031,1000.5,999.166382,14140637
9/22/2020,1009,1022.5,991.200012,996.79187,12625762
9/23/2020,1020.150024,1037,1008.099976,1008.911682,13486204
9/24/2020,1003,1009,970,965.033081,14427432
9/25/2020,975.799988,1014.900024,975,1000.69989,13311078
9/28/2020,1014.799988,1016.150024,998.5,999.661072,8554526
9/29/2020,1018,1028,1004.099976,998.27594,8708463
9/30/2020,1009,1023.950012,1005,997.533936,8048817
10/1/2020,1020.599976,1026.5,1011.75,1006.834045,5563358
10/5/2020,1018.049988,1054.900024,1018.049988,1037.553955,14212509
10/6/2020,1055,1060,1031.349976,1044.529053,9090819
10/7/2020,1044.900024,1072,1035.5,1055.214355,9284008
10/8/2020,1090,1124,1088.400024,1082.075684,21482613
10/9/2020,1095.099976,1113.300049,1088.449951,1095.036499,10567867
10/12/2020,1123,1140,1112.099976,1120.067505,14633537
10/13/2020,1135.550049,1166.050049,1135.550049,1145.494507,17523825
10/14/2020,1162,1164.900024,1131.099976,1124.915527,16649573
10/15/2020,1180,1186,1092.5,1096.471069,44288251
10/16/2020,1113.849976,1135.949951,1096.900024,1115.516479,18365685
10/19/2020,1135,1139,1115.300049,1113.933472,12902123
10/20/2020,1118.900024,1144.699951,1110,1125.410156,10448776
10/21/2020,1141.150024,1154.349976,1135,1136.144897,19811433
10/22/2020,1142,1158,1123.800049,1117.050049,11271335
10/23/2020,1133,1135,1120.150024,1122.5,9069862
10/26/2020,1122.25,1129.599976,1103.150024,1112.449951,6309368
10/27/2020,1105.699951,1109.699951,1077.150024,1090.849976,10172479
10/28/2020,1095.5,1104.75,1070.050049,1076.550049,7608392
10/29/2020,1070,1082,1060.099976,1074.849976,6935616
10/30/2020,1072,1083.599976,1052.349976,1060.599976,8800386
11/2/2020,1065,1079.949951,1051.099976,1072.300049,7183119
11/3/2020,1072,1079.400024,1057.5,1062.550049,7204782
11/4/2020,1068,1116,1066.800049,1093.949951,15702690
11/5/2020,1109.900024,1123,1099,1104,9568890
11/6/2020,1108,1121.099976,1091.699951,1112.75,8807127
11/9/2020,1129.300049,1146,1121.150024,1136.550049,10160320
11/10/2020,1113.849976,1113.849976,1078,1091.050049,15622869
11/11/2020,1096,1126.349976,1087,1122.5,12514800
11/12/2020,1128.099976,1142,1113.75,1117.75,9180976
11/13/2020,1120,1133,1117,1124.199951,6363212
11/14/2020,null,null,null,null,null
11/17/2020,1144.75,1145,1112.650024,1123.699951,12813968
11/18/2020,1128.5,1132.699951,1101.449951,1110.550049,9839468
11/19/2020,1100,1114.699951,1093.800049,1096.75,10092343
11/20/2020,1106,1109,1091.099976,1103.349976,8063554
11/23/2020,1105,1144.800049,1101.949951,1139.849976,10546363
11/24/2020,1145,1154.900024,1133.349976,1140.050049,8515426
11/25/2020,1137,1143.5,1111.25,1115.650024,8958701
11/26/2020,1119.949951,1119.949951,1098.300049,1113.199951,10962256
11/27/2020,1118,1121,1091,1100,25306145
12/1/2020,1105.050049,1140.25,1105.050049,1137.849976,8933802
12/2/2020,1134,1147.449951,1121,1140.900024,6741637
12/3/2020,1147,1147,1122.699951,1126.449951,16212632
12/4/2020,1125,1137,1115,1134.650024,10564055
12/7/2020,1147.300049,1153,1136,1143.5,7792141
12/8/2020,1145,1167,1145,1153.349976,12308330
12/9/2020,1168.050049,1179.5,1157,1175.199951,10039346
12/10/2020,1157.400024,1171.650024,1150,1167.75,9488782
12/11/2020,1159.699951,1171.949951,1155.25,1163.199951,10574009
12/14/2020,1169.400024,1172.599976,1148.199951,1164.550049,6728187
12/15/2020,1156,1163.699951,1152,1154.599976,6905926
12/16/2020,1160,1168.900024,1153.599976,1165.699951,7788404
12/17/2020,1165.900024,1168.900024,1156.199951,1159.199951,6658153
12/18/2020,1182.849976,1195,1175.599976,1189.800049,15995676
12/21/2020,1188,1209.75,1152.050049,1177.300049,10858352
12/22/2020,1182,1223.849976,1176.099976,1220.5,10901851
12/23/2020,1238,1258.849976,1230.550049,1253.050049,15878346
12/24/2020,1249.900024,1249.900024,1226,1236.050049,7313885
12/28/2020,1238.449951,1248,1236,1240.300049,4607051
12/29/2020,1235,1254.449951,1235,1250.300049,6878105
12/30/2020,1253,1253.300049,1238.150024,1246.800049,5194690
12/31/2020,1243,1258.400024,1239,1255.800049,7430470
1/1/2021,1257.900024,1265.5,1255.800049,1260.449951,4253550
1/4/2021,1269,1290,1261.150024,1288.25,7208454
1/5/2021,1282,1299,1275.050049,1293.800049,8145280
1/6/2021,1300,1302,1268.050049,1282.099976,7161715
1/7/2021,1296,1297.650024,1255.5,1262.150024,10954918
1/8/2021,1278.25,1316.800049,1278.25,1312.099976,13186251
1/11/2021,1342.099976,1383.349976,1340,1376.199951,20528626
1/12/2021,1378,1378,1360,1371.75,8309868
1/13/2021,1373.849976,1392.800049,1360,1387.150024,14442997
1/14/2021,1360,1384,1318.449951,1370.5,27521697
1/15/2021,1360,1364.449951,1340,1344.949951,15018441
1/18/2021,1338,1340,1306,1312.050049,8861765
1/19/2021,1320,1331,1312,1316.650024,5585744
1/20/2021,1320.550049,1348.400024,1320.550049,1339.449951,8225838
1/21/2021,1350,1361.050049,1335,1339.699951,6142421
1/22/2021,1327,1356,1326.550049,1340.849976,9646591
1/25/2021,1345,1347.900024,1313,1325.099976,6542611
1/27/2021,1319.599976,1327.550049,1285.099976,1301,8133665
1/28/2021,1291.800049,1296.449951,1272.550049,1276.199951,4660690
1/29/2021,1286.25,1291.150024,1231,1239.050049,12183519
2/1/2021,1250.550049,1277.949951,1241,1260.900024,8880279
2/2/2021,1280,1294.400024,1263.599976,1271.25,6892490
2/3/2021,1277.650024,1304,1273,1284.650024,8182968
